{
  "AURC": {
    "point": 0.05049320202962896,
    "ci_lo": 0.025638257117888866,
    "ci_hi": 0.06009132130480755
  },
  "SelAcc80": {
    "point": 0.9598997493734336,
    "ci_lo": 0.9473684210526315,
    "ci_hi": 0.9736842105263158
  },
  "FPR80": {
    "point": 0.004158004158004158,
    "ci_lo": 0.0,
    "ci_hi": 0.010482730828180326
  },
  "Cov99": {
    "point": 0.0,
    "ci_lo": 0.0,
    "ci_hi": 0.14829659318637275
  },
  "ECE": {
    "point": 0.04148296593186375,
    "ci_lo": 0.02945891783567131,
    "ci_hi": 0.0567134268537074
  }
}