{"kind": "isotonic", "x": [0.0, 0.04319178760051728, 0.6, 0.6046957150101662, 0.7498191148042679, 0.7498553395271301, 1.0], "y": [0.5476190476190477, 0.970873786407767, 0.970873786407767, 0.974025974025974, 0.974025974025974, 0.990909090909091, 0.990909090909091]}