{
  "n": 998,
  "detection": {
    "accuracy": {
      "point": 0.8026052104208417,
      "lo": 0.7755511022044088,
      "hi": 0.8276803607214429
    },
    "precision": {
      "point": 0.9415204678362573,
      "lo": 0.9169166666666667,
      "hi": 0.964502262443439
    },
    "recall": {
      "point": 0.6452905811623246,
      "lo": 0.6008216629937679,
      "hi": 0.686655477258682
    },
    "f1": {
      "point": 0.7657550535077288,
      "lo": 0.7320067788686301,
      "hi": 0.7976223916532906
    }
  },
  "source": "external/pp_res*.txt"
}