{
  "n": 120,
  "strong": {
    "panel": "panel_strong.yaml",
    "AURC": 9.481900381486756,
    "acc": 76.66666666666667,
    "f1": 70.2127659574468
  },
  "base_3b": {
    "AURC": 4.189172065081668,
    "acc": 90.0,
    "f1": 88.8888888888889
  }
}