{
  "metrics": [
    {
      "method": "global isotonic (current)",
      "AURC": 2.466968489181938,
      "SelAcc80": 96.8671679197995,
      "FPR80": 1.2690355329949239,
      "Cov99": 0.21042084168336672,
      "ECE": 0.014791801700905263
    },
    {
      "method": "per-class isotonic (A1)",
      "AURC": 2.2265908344830923,
      "SelAcc80": 97.11779448621553,
      "FPR80": 1.400560224089636,
      "Cov99": 0.10521042084168336,
      "ECE": 0.01549574718317107
    },
    {
      "method": "raw GEA (no calib)",
      "AURC": 2.288330092017618,
      "SelAcc80": 96.99248120300751,
      "FPR80": 1.25,
      "Cov99": 0.24549098196392785,
      "ECE": 0.3312521900626897
    }
  ],
  "asymmetry": {
    "global": {
      "phish_correct_mean": 0.9747050789102607,
      "phish_correct_frac>0.8": 0.9905437352245863,
      "benign_correct_mean": 0.9207065316024146,
      "benign_correct_frac>0.8": 0.8623481781376519
    },
    "per_class": {
      "phish_correct_mean": 0.9914496094136859,
      "phish_correct_frac>0.8": 1.0,
      "benign_correct_mean": 0.9079066461451266,
      "benign_correct_frac>0.8": 0.8623481781376519
    }
  }
}