{
  "methods": {
    "PhishProof": {
      "AURC": [
        0.02288330092017618,
        0.015377763915932192,
        0.032399095055244666
      ],
      "SelAcc80": [
        0.9699248120300752,
        0.956140350877193,
        0.9799498746867168
      ],
      "FPR80": [
        0.0125,
        0.002544529262086514,
        0.02451130943778002
      ],
      "Cov99": [
        0.24549098196392785,
        0.14526553106212425,
        0.44589178356713427
      ],
      "ECE": [
        0.014791801700905263,
        0.005331328195837264,
        0.03075962726630828
      ]
    },
    "B1": {
      "AURC": [
        0.08617064142118058,
        0.058686410903187304,
        0.10690065602706794
      ],
      "SelAcc80": [
        0.9235588972431078,
        0.899749373433584,
        0.9373433583959899
      ],
      "FPR80": [
        0.010101010101010102,
        0.0023979381088430687,
        0.02072538860103627
      ],
      "Cov99": [
        0.0,
        0.0,
        0.04208416833667335
      ],
      "ECE": [
        0.08116232464929862,
        0.0651302605210421,
        0.09919839679358722
      ]
    },
    "B2": {
      "AURC": [
        0.05665402724379971,
        0.042651149456382806,
        0.07223305876896559
      ],
      "SelAcc80": [
        0.9235588972431078,
        0.9047619047619048,
        0.9411340852130324
      ],
      "FPR80": [
        0.008928571428571428,
        0.0,
        0.021151250241049028
      ],
      "Cov99": [
        0.25851703406813625,
        0.23246492985971945,
        0.2916082164328656
      ],
      "ECE": [
        0.026277555110220258,
        0.010420215430861695,
        0.04298659819639282
      ]
    },
    "B4": {
      "AURC": [
        0.08474360654123066,
        0.058269175593235606,
        0.10627900188294302
      ],
      "SelAcc80": [
        0.9235588972431078,
        0.899749373433584,
        0.9373433583959899
      ],
      "FPR80": [
        0.010075566750629723,
        0.0023979381088430687,
        0.02072538860103627
      ],
      "Cov99": [
        0.001002004008016032,
        0.0,
        0.04308617234468938
      ],
      "ECE": [
        0.25183700734802955,
        0.23413493653974615,
        0.2682030728122913
      ]
    },
    "B6": {
      "AURC": [
        0.03048475210515629,
        0.021736423144819387,
        0.043278891113657306
      ],
      "SelAcc80": [
        0.9461152882205514,
        0.9273182957393483,
        0.9586466165413534
      ],
      "FPR80": [
        0.01483679525222552,
        0.003076923076923077,
        0.02949876686493544
      ],
      "Cov99": [
        0.36172344689378755,
        0.01002004008016032,
        0.48296593186372744
      ],
      "ECE": [
        0.0832164328657315,
        0.06698396793587186,
        0.09849699398797607
      ]
    },
    "B5": {
      "AURC": [
        0.03707212587036697,
        0.026443691488797823,
        0.04976684361982798
      ],
      "SelAcc80": [
        0.9360902255639098,
        0.9135338345864662,
        0.9486215538847118
      ],
      "FPR80": [
        0.015197568389057751,
        0.0031444076418051694,
        0.030122756888581504
      ],
      "Cov99": [
        0.10220440881763528,
        0.005986973947895793,
        0.47194388777555113
      ],
      "ECE": [
        0.2384480372356617,
        0.22079886515881403,
        0.2546061871622849
      ]
    }
  },
  "detection": {
    "accuracy": [
      0.9188376753507014,
      0.9008016032064128,
      0.9348697394789579
    ],
    "precision": [
      0.9883177570093458,
      0.9770642201834863,
      0.997602061891157
    ],
    "recall": [
      0.8476953907815631,
      0.8151256327580734,
      0.8787292483854352
    ],
    "f1": [
      0.912621359223301,
      0.8928571428571429,
      0.9307612963749364
    ]
  },
  "best_baseline": "B6"
}