{
  "n_total": 423,
  "n_evasive": 72,
  "by_reason": {
    "small_dom": 72,
    "no_logo_bbox": 3
  },
  "evasive": {
    "n": 72,
    "A": 0.6659722222222223,
    "G": 0.9230962761367363,
    "GEA": 0.612091169508036
  },
  "non_evasive": {
    "n": 351,
    "A": 0.652136752136752,
    "G": 0.9524317131097388,
    "GEA": 0.6262130141686312
  },
  "flip": {
    "cloak": {
      "evasive": {
        "rate": 0.125,
        "n": 72
      },
      "non_evasive": {
        "rate": 0.05413105413105413,
        "n": 351
      },
      "ratio": 2.3092105263157894
    },
    "occlude": {
      "evasive": {
        "rate": 0.15942028985507245,
        "n": 69
      },
      "non_evasive": {
        "rate": 0.08262108262108261,
        "n": 351
      },
      "ratio": 1.9295352323838082
    },
    "both": {
      "evasive": {
        "rate": 0.19444444444444445,
        "n": 72
      },
      "non_evasive": {
        "rate": 0.07692307692307693,
        "n": 351
      },
      "ratio": 2.5277777777777777
    }
  }
}