{
  "attack": "adaptive",
  "n": 400,
  "tau": 0.7498553395271301,
  "evasion_rate": 0.125,
  "gea_mean_clean": 0.6228769493519017,
  "gea_mean_attacked": 0.5325764512194631,
  "G_mean_clean": 0.9471829442555705,
  "G_mean_attacked": 0.7698975780736655,
  "abstain_rate_clean": 0.69,
  "abstain_rate_attacked": 0.825,
  "corr_AG_clean": 0.1318884098032368,
  "corr_AG_attacked": 0.7058776618954781,
  "phishproof_trust_clean": 0.9744852697939002,
  "phishproof_trust_attacked": 0.919725358801599,
  "b1_clean": 1.0,
  "b1_attacked": 1.0,
  "b6_clean": 0.9363749999999998,
  "b6_attacked": 0.9066041666666667,
  "on_evaded": {
    "n": 50,
    "phishproof_mean_trust": 0.5476190476190476,
    "phishproof_abstain_rate": 1.0,
    "b1_mean_confidence": 1.0
  }
}