{
  "attack": "both",
  "n": 423,
  "tau": 0.7498553395271301,
  "evasion_rate": 0.09692671394799054,
  "gea_mean_clean": 0.6238092959285298,
  "gea_mean_attacked": 0.567106550401906,
  "G_mean_clean": 0.9474384472419936,
  "G_mean_attacked": 0.800419195239866,
  "abstain_rate_clean": 0.6879432624113475,
  "abstain_rate_attacked": 0.7919621749408984,
  "corr_AG_clean": 0.13132580794278223,
  "corr_AG_attacked": 0.6349504457508507,
  "phishproof_trust_clean": 0.9747050789102606,
  "phishproof_trust_attacked": 0.9378977877395243,
  "b1_clean": 1.0,
  "b1_attacked": 1.0,
  "b6_clean": 0.93628841607565,
  "b6_attacked": 0.9176910953506697,
  "on_evaded": {
    "n": 41,
    "phishproof_mean_trust": 0.5785889065548075,
    "phishproof_abstain_rate": 1.0,
    "b1_mean_confidence": 1.0
  }
}