{
  "n_test": 998,
  "html_brand": {
    "AURC": 2.288330092017618,
    "SelAcc80": 96.99248120300751,
    "FPR80": 1.25,
    "ECE": 0.014791801700905263,
    "n_test": 998
  },
  "phishpedia_d1": {
    "AURC": 2.3308476079054072,
    "SelAcc80": 96.8671679197995,
    "FPR80": 1.2468827930174564,
    "ECE": 0.014607455899871927,
    "n_test": 998
  },
  "delta_AURC": 0.04251751588778907
}